Name,Unknotting Number
13a_5,2
13a_6,2
13a_7,2
13a_11,1
13a_12,[2;3]
13a_17,[2;3]
13a_19,[2;3]
13a_20,2
13a_21,2
13a_23,1
13a_24,1
13a_25,[2;3]
13a_26,1
13a_27,1
13a_28,2
13a_30,[2;3]
13a_31,1
13a_33,1
13a_34,[2;3]
13a_36,2
13a_37,2
13a_38,2
13a_39,2
13a_41,2
13a_42,1
13a_43,2
13a_44,2
13a_45,1
13a_46,2
13a_49,2
13a_50,2
13a_51,[2;3]
13a_52,2
13a_53,1
13a_54,1
13a_57,2
13a_58,2
13a_59,1
13a_61,2
13a_62,2
13a_63,2
13a_64,2
13a_66,2
13a_67,2
13a_68,1
13a_69,1
13a_70,2
13a_72,2
13a_73,1
13a_74,2
13a_75,2
13a_77,2
13a_78,1
13a_79,2
13a_81,2
13a_83,2
13a_84,2
13a_88,2
13a_89,2
13a_90,2
13a_93,2
13a_94,2
13a_95,2
13a_97,2
13a_98,2
13a_102,2
13a_103,2
13a_104,2
13a_105,2
13a_107,2
13a_109,2
13a_110,1
13a_111,2
13a_113,[2;3]
13a_114,2
13a_115,1
13a_116,[2;3]
13a_117,2
13a_119,1
13a_120,[2;3]
13a_121,1
13a_122,1
13a_124,[2;3]
13a_127,[2;3]
13a_128,2
13a_129,[2;3]
13a_130,[2;3]
13a_131,2
13a_133,[2;4]
13a_134,[2;3]
13a_136,[2;3]
13a_138,1
13a_139,2
13a_140,[2;3]
13a_141,2
13a_142,2
13a_143,2
13a_144,2
13a_146,2
13a_152,[2;3]
13a_153,2
13a_155,[2;3]
13a_156,[2;3]
13a_158,[2;3]
13a_159,[2;3]
13a_163,[2;3]
13a_165,1
13a_166,2
13a_168,1
13a_173,2
13a_175,[2;3]
13a_178,2
13a_180,1
13a_181,2
13a_182,2
13a_183,2
13a_184,1
13a_185,1
13a_187,1
13a_188,1
13a_189,1
13a_190,2
13a_192,[2;3]
13a_194,[2;3]
13a_195,[2;4]
13a_197,[2;3]
13a_199,2
13a_200,2
13a_201,1
13a_202,[2;3]
13a_204,2
13a_205,1
13a_206,1
13a_207,1
13a_208,1
13a_210,1
13a_211,2
13a_212,1
13a_213,[2;3]
13a_214,1
13a_215,1
13a_216,1
13a_218,[2;3]
13a_219,2
13a_220,2
13a_222,2
13a_223,2
13a_224,2
13a_225,[2;3]
13a_226,2
13a_227,2
13a_228,2
13a_229,2
13a_230,2
13a_232,[2;3]
13a_233,2
13a_235,1
13a_236,[2;4]
13a_238,[2;3]
13a_239,2
13a_241,1
13a_242,2
13a_244,1
13a_250,[2;3]
13a_252,2
13a_254,2
13a_255,[2;3]
13a_256,2
13a_257,2
13a_258,2
13a_260,2
13a_261,2
13a_262,[2;3]
13a_263,2
13a_264,2
13a_265,1
13a_266,[2;3]
13a_267,[2;3]
13a_268,2
13a_270,2
13a_271,[2;4]
13a_272,2
13a_274,2
13a_275,[2;4]
13a_276,[2;3]
13a_277,[2;3]
13a_278,1
13a_281,2
13a_282,2
13a_283,2
13a_285,[2;3]
13a_289,2
13a_290,[2;3]
13a_292,2
13a_294,[2;3]
13a_296,2
13a_297,2
13a_298,1
13a_302,[2;3]
13a_303,[2;3]
13a_304,2
13a_306,2
13a_307,2
13a_309,2
13a_310,2
13a_312,[2;3]
13a_313,2
13a_314,[2;4]
13a_315,[2;3]
13a_316,2
13a_317,2
13a_319,[2;3]
13a_320,[2;3]
13a_321,1
13a_322,1
13a_323,2
13a_324,1
13a_325,2
13a_326,[2;3]
13a_327,[2;3]
13a_328,1
13a_334,1
13a_336,1
13a_338,[2;3]
13a_339,[2;4]
13a_340,2
13a_342,2
13a_343,2
13a_344,2
13a_345,2
13a_346,1
13a_347,2
13a_348,2
13a_349,2
13a_350,[2;3]
13a_352,2
13a_353,[2;3]
13a_356,2
13a_359,[2;3]
13a_360,[2;3]
13a_361,2
13a_362,2
13a_365,[2;3]
13a_366,2
13a_367,[2;3]
13a_371,[2;3]
13a_373,2
13a_374,1
13a_375,2
13a_377,[2;3]
13a_380,[2;3]
13a_382,[2;3]
13a_383,1
13a_384,1
13a_385,2
13a_388,2
13a_389,1
13a_390,1
13a_391,1
13a_392,1
13a_393,[2;3]
13a_394,2
13a_395,2
13a_396,1
13a_397,2
13a_398,[2;3]
13a_399,[2;3]
13a_401,[2;3]
13a_403,2
13a_404,2
13a_405,2
13a_406,2
13a_407,[2;3]
13a_408,2
13a_411,1
13a_412,[2;3]
13a_413,[2;3]
13a_414,[2;3]
13a_420,[2;3]
13a_421,[2;3]
13a_424,2
13a_428,2
13a_429,1
13a_430,1
13a_431,1
13a_432,1
13a_433,1
13a_435,2
13a_436,1
13a_437,1
13a_441,1
13a_444,1
13a_445,1
13a_446,2
13a_447,2
13a_449,[2;3]
13a_450,2
13a_454,2
13a_455,2
13a_456,2
13a_459,[2;3]
13a_461,1
13a_462,2
13a_463,1
13a_465,1
13a_466,2
13a_467,2
13a_469,2
13a_470,2
13a_471,2
13a_472,2
13a_473,[2;3]
13a_475,1
13a_476,[2;3]
13a_477,2
13a_478,2
13a_479,2
13a_482,1
13a_483,2
13a_485,2
13a_486,1
13a_487,2
13a_488,2
13a_489,2
13a_490,2
13a_491,2
13a_493,[2;3]
13a_495,2
13a_496,[2;3]
13a_497,2
13a_498,2
13a_499,1
13a_500,1
13a_504,1
13a_505,2
13a_506,2
13a_508,2
13a_511,2
13a_512,2
13a_513,2
13a_514,2
13a_515,1
13a_516,2
13a_518,2
13a_519,1
13a_520,1
13a_521,2
13a_522,2
13a_523,[2;3]
13a_527,1
13a_528,[2;3]
13a_529,2
13a_530,2
13a_532,[2;3]
13a_535,[2;3]
13a_536,[2;3]
13a_537,[2;3]
13a_538,1
13a_539,1
13a_540,1
13a_541,2
13a_544,1
13a_545,1
13a_546,2
13a_547,[2;3]
13a_549,[2;3]
13a_550,2
13a_551,[2;3]
13a_552,[2;3]
13a_553,1
13a_554,2
13a_555,2
13a_556,[2;3]
13a_557,[2;3]
13a_558,2
13a_559,1
13a_561,1
13a_562,1
13a_563,2
13a_565,2
13a_570,2
13a_572,1
13a_573,[2;3]
13a_577,2
13a_579,[2;3]
13a_580,1
13a_581,1
13a_582,2
13a_583,2
13a_585,[2;3]
13a_588,[2;3]
13a_590,2
13a_591,2
13a_592,2
13a_593,[2;3]
13a_595,2
13a_597,[2;3]
13a_598,[2;3]
13a_599,2
13a_600,1
13a_602,2
13a_603,1
13a_604,2
13a_605,1
13a_606,1
13a_608,[2;3]
13a_609,1
13a_610,2
13a_611,1
13a_612,1
13a_613,1
13a_614,1
13a_619,1
13a_620,1
13a_625,2
13a_626,2
13a_627,2
13a_630,[2;3]
13a_632,2
13a_633,[2;3]
13a_634,2
13a_635,2
13a_637,2
13a_638,[2;3]
13a_639,[2;3]
13a_640,2
13a_641,[2;3]
13a_642,2
13a_649,2
13a_651,1
13a_652,2
13a_654,2
13a_655,[2;3]
13a_656,[2;3]
13a_657,2
13a_659,1
13a_662,2
13a_663,2
13a_664,2
13a_667,1
13a_669,2
13a_671,1
13a_672,2
13a_673,2
13a_674,2
13a_675,2
13a_676,2
13a_677,2
13a_679,1
13a_681,1
13a_682,1
13a_683,[2;3]
13a_685,2
13a_686,2
13a_687,2
13a_688,2
13a_689,2
13a_691,2
13a_692,1
13a_694,2
13a_695,2
13a_696,2
13a_697,1
13a_698,1
13a_701,[2;3]
13a_702,[2;3]
13a_703,2
13a_704,1
13a_705,1
13a_706,2
13a_707,2
13a_711,2
13a_712,2
13a_714,2
13a_716,1
13a_718,1
13a_720,1
13a_722,2
13a_723,2
13a_725,2
13a_726,2
13a_727,2
13a_728,1
13a_730,1
13a_732,2
13a_733,2
13a_734,1
13a_736,[2;3]
13a_737,2
13a_738,2
13a_739,2
13a_740,2
13a_741,2
13a_742,2
13a_744,2
13a_745,2
13a_747,2
13a_748,1
13a_749,2
13a_750,2
13a_751,2
13a_752,2
13a_753,2
13a_754,2
13a_755,2
13a_757,2
13a_758,2
13a_759,2
13a_760,2
13a_763,2
13a_764,2
13a_765,2
13a_766,2
13a_767,2
13a_768,2
13a_769,2
13a_771,2
13a_774,2
13a_776,2
13a_777,2
13a_779,2
13a_781,1
13a_782,2
13a_784,2
13a_785,2
13a_786,2
13a_787,2
13a_789,2
13a_791,[2;3]
13a_792,2
13a_793,2
13a_795,2
13a_797,2
13a_799,2
13a_800,[2;3]
13a_801,1
13a_802,2
13a_805,2
13a_807,2
13a_808,2
13a_810,1
13a_811,[2;3]
13a_813,[2;3]
13a_814,2
13a_815,2
13a_817,2
13a_820,2
13a_822,2
13a_827,2
13a_829,2
13a_830,1
13a_833,2
13a_837,2
13a_838,2
13a_839,2
13a_840,2
13a_842,2
13a_844,2
13a_847,2
13a_848,2
13a_849,2
13a_850,2
13a_851,2
13a_852,2
13a_853,2
13a_855,2
13a_856,2
13a_862,[2;3]
13a_863,[2;3]
13a_864,2
13a_871,2
13a_872,2
13a_874,2
13a_875,2
13a_876,2
13a_878,2
13a_879,2
13a_880,2
13a_881,1
13a_884,2
13a_886,2
13a_890,2
13a_891,2
13a_892,2
13a_894,2
13a_897,2
13a_898,2
13a_899,2
13a_900,1
13a_903,2
13a_905,2
13a_906,[2;3]
13a_907,2
13a_908,[2;3]
13a_909,2
13a_911,2
13a_912,2
13a_913,2
13a_914,2
13a_915,1
13a_916,[2;3]
13a_917,1
13a_918,2
13a_919,1
13a_921,1
13a_922,[2;3]
13a_923,2
13a_924,2
13a_925,2
13a_926,1
13a_927,2
13a_928,2
13a_929,[2;3]
13a_931,2
13a_934,1
13a_935,1
13a_938,1
13a_939,2
13a_940,1
13a_941,2
13a_942,2
13a_943,2
13a_945,1
13a_946,2
13a_947,2
13a_948,2
13a_949,2
13a_951,2
13a_952,2
13a_953,[2;3]
13a_954,2
13a_955,1
13a_958,1
13a_959,[2;3]
13a_960,[2;3]
13a_961,1
13a_964,1
13a_965,[2;3]
13a_966,2
13a_967,1
13a_968,2
13a_969,2
13a_970,1
13a_971,[2;3]
13a_973,2
13a_974,2
13a_978,2
13a_980,1
13a_982,2
13a_985,2
13a_986,2
13a_987,1
13a_988,2
13a_992,1
13a_993,1
13a_995,[2;3]
13a_996,[2;3]
13a_997,1
13a_998,[2;3]
13a_999,1
13a_1000,2
13a_1001,2
13a_1003,[2;3]
13a_1004,1
13a_1005,[2;3]
13a_1006,[2;3]
13a_1007,2
13a_1009,2
13a_1010,2
13a_1012,2
13a_1014,2
13a_1015,2
13a_1017,2
13a_1018,2
13a_1019,2
13a_1020,2
13a_1022,2
13a_1023,2
13a_1024,2
13a_1026,2
13a_1027,2
13a_1029,2
13a_1030,[2;3]
13a_1033,2
13a_1034,[2;3]
13a_1039,2
13a_1040,2
13a_1041,2
13a_1042,2
13a_1044,2
13a_1045,2
13a_1046,1
13a_1050,1
13a_1052,2
13a_1053,2
13a_1054,1
13a_1055,1
13a_1056,1
13a_1057,2
13a_1058,2
13a_1059,1
13a_1060,[2;3]
13a_1065,2
13a_1066,2
13a_1067,2
13a_1068,2
13a_1069,[2;4]
13a_1070,1
13a_1072,2
13a_1075,2
13a_1078,2
13a_1079,2
13a_1080,[2;3]
13a_1082,2
13a_1084,1
13a_1086,2
13a_1087,2
13a_1088,2
13a_1089,2
13a_1090,[2;3]
13a_1091,2
13a_1093,2
13a_1094,2
13a_1095,2
13a_1096,2
13a_1097,2
13a_1099,2
13a_1100,2
13a_1103,1
13a_1104,1
13a_1106,2
13a_1108,1
13a_1109,1
13a_1110,2
13a_1111,2
13a_1113,2
13a_1114,1
13a_1115,1
13a_1116,2
13a_1117,1
13a_1121,2
13a_1122,[2;3]
13a_1124,2
13a_1126,2
13a_1127,2
13a_1129,2
13a_1133,[2;3]
13a_1134,2
13a_1135,2
13a_1136,1
13a_1138,1
13a_1139,[2;3]
13a_1141,2
13a_1142,2
13a_1143,1
13a_1144,1
13a_1145,2
13a_1146,1
13a_1150,[2;3]
13a_1151,2
13a_1152,1
13a_1153,[2;3]
13a_1154,[2;3]
13a_1155,2
13a_1157,2
13a_1159,[2;3]
13a_1160,2
13a_1161,2
13a_1162,2
13a_1163,2
13a_1165,[2;3]
13a_1167,2
13a_1168,2
13a_1169,[2;3]
13a_1170,2
13a_1171,2
13a_1172,2
13a_1173,2
13a_1174,2
13a_1175,[2;3]
13a_1176,2
13a_1177,2
13a_1179,1
13a_1180,2
13a_1181,2
13a_1183,2
13a_1185,[2;3]
13a_1186,2
13a_1188,2
13a_1189,2
13a_1190,2
13a_1191,1
13a_1192,2
13a_1196,1
13a_1197,[2;3]
13a_1198,[2;3]
13a_1199,2
13a_1200,1
13a_1201,1
13a_1203,1
13a_1208,2
13a_1209,2
13a_1211,2
13a_1212,2
13a_1213,1
13a_1214,[2;3]
13a_1215,2
13a_1216,[2;3]
13a_1217,2
13a_1223,2
13a_1225,2
13a_1226,[2;3]
13a_1227,2
13a_1228,2
13a_1231,1
13a_1232,[2;3]
13a_1235,1
13a_1236,2
13a_1237,2
13a_1238,[2;3]
13a_1239,[2;3]
13a_1240,2
13a_1241,2
13a_1242,2
13a_1248,2
13a_1249,2
13a_1250,1
13a_1252,1
13a_1253,1
13a_1259,[2;3]
13a_1262,2
13a_1263,2
13a_1265,2
13a_1267,[2;3]
13a_1268,2
13a_1269,2
13a_1272,2
13a_1274,[2;3]
13a_1276,2
13a_1277,2
13a_1278,2
13a_1279,2
13a_1280,2
13a_1283,2
13a_1286,2
13a_1289,2
13a_1292,1
13a_1294,1
13a_1297,2
13a_1299,2
13a_1300,2
13a_1302,1
13a_1304,[2;3]
13a_1308,2
13a_1309,[2;3]
13a_1310,2
13a_1311,[2;3]
13a_1312,1
13a_1314,2
13a_1315,2
13a_1316,2
13a_1318,2
13a_1320,2
13a_1321,2
13a_1322,2
13a_1326,2
13a_1327,2
13a_1332,[2;3]
13a_1334,1
13a_1335,1
13a_1338,1
13a_1340,2
13a_1341,2
13a_1342,2
13a_1343,[2;3]
13a_1344,1
13a_1346,2
13a_1349,2
13a_1350,2
13a_1351,1
13a_1352,2
13a_1357,2
13a_1359,[2;4]
13a_1360,[2;4]
13a_1361,[2;3]
13a_1362,2
13a_1363,[2;3]
13a_1365,2
13a_1366,2
13a_1367,2
13a_1370,2
13a_1371,2
13a_1372,[2;3]
13a_1373,2
13a_1375,2
13a_1379,[2;3]
13a_1380,2
13a_1381,1
13a_1382,2
13a_1384,2
13a_1385,2
13a_1386,1
13a_1387,2
13a_1388,2
13a_1389,[2;3]
13a_1391,2
13a_1392,[2;3]
13a_1393,[2;3]
13a_1397,1
13a_1399,2
13a_1400,1
13a_1401,[2;3]
13a_1402,2
13a_1405,2
13a_1406,[2;3]
13a_1407,[2;3]
13a_1408,[2;3]
13a_1409,[2;3]
13a_1410,[2;3]
13a_1411,2
13a_1412,1
13a_1414,1
13a_1415,1
13a_1416,1
13a_1417,2
13a_1419,2
13a_1420,2
13a_1421,2
13a_1422,2
13a_1423,2
13a_1424,1
13a_1425,1
13a_1426,2
13a_1427,1
13a_1429,2
13a_1431,2
13a_1433,2
13a_1435,2
13a_1437,[2;3]
13a_1438,[2;3]
13a_1439,[2;3]
13a_1441,2
13a_1442,[2;3]
13a_1444,1
13a_1445,1
13a_1446,1
13a_1447,1
13a_1448,1
13a_1451,1
13a_1453,1
13a_1454,2
13a_1455,1
13a_1458,2
13a_1459,2
13a_1460,2
13a_1463,1
13a_1470,1
13a_1473,1
13a_1474,1
13a_1476,1
13a_1477,1
13a_1479,2
13a_1481,2
13a_1482,2
13a_1484,2
13a_1486,2
13a_1487,2
13a_1489,2
13a_1490,1
13a_1492,2
13a_1493,2
13a_1496,1
13a_1497,1
13a_1498,1
13a_1500,1
13a_1501,[2;3]
13a_1504,[2;3]
13a_1505,[2;3]
13a_1506,[2;3]
13a_1508,2
13a_1510,[2;3]
13a_1511,2
13a_1512,2
13a_1513,2
13a_1514,2
13a_1515,2
13a_1516,2
13a_1517,2
13a_1519,1
13a_1522,1
13a_1523,1
13a_1524,2
13a_1526,[2;3]
13a_1527,1
13a_1528,[2;3]
13a_1529,[2;3]
13a_1530,2
13a_1531,2
13a_1532,[2;3]
13a_1533,2
13a_1534,[2;3]
13a_1535,2
13a_1536,[2;3]
13a_1537,2
13a_1539,[2;3]
13a_1540,1
13a_1542,[2;3]
13a_1544,1
13a_1548,1
13a_1549,1
13a_1550,1
13a_1551,1
13a_1553,[2;3]
13a_1555,2
13a_1556,2
13a_1558,1
13a_1560,[2;3]
13a_1561,[2;3]
13a_1562,2
13a_1563,2
13a_1564,1
13a_1566,2
13a_1568,2
13a_1569,[2;3]
13a_1570,2
13a_1571,2
13a_1572,2
13a_1573,2
13a_1575,[2;3]
13a_1577,1
13a_1579,1
13a_1581,[2;3]
13a_1585,2
13a_1587,1
13a_1588,2
13a_1589,[2;3]
13a_1590,2
13a_1591,1
13a_1593,2
13a_1594,2
13a_1595,2
13a_1596,2
13a_1597,2
13a_1598,2
13a_1599,2
13a_1600,1
13a_1601,1
13a_1602,2
13a_1604,2
13a_1606,2
13a_1607,1
13a_1608,[2;3]
13a_1609,[2;3]
13a_1610,1
13a_1611,2
13a_1612,1
13a_1613,2
13a_1619,1
13a_1620,1
13a_1621,2
13a_1622,2
13a_1624,2
13a_1625,2
13a_1627,2
13a_1628,2
13a_1629,1
13a_1631,1
13a_1632,1
13a_1633,1
13a_1634,2
13a_1635,2
13a_1636,2
13a_1637,2
13a_1638,[2;3]
13a_1639,[2;3]
13a_1640,[2;3]
13a_1641,2
13a_1642,1
13a_1644,2
13a_1646,1
13a_1647,1
13a_1648,1
13a_1651,2
13a_1652,2
13a_1653,1
13a_1654,2
13a_1656,[2;3]
13a_1657,2
13a_1658,2
13a_1660,2
13a_1661,2
13a_1662,[2;3]
13a_1665,[2;3]
13a_1666,2
13a_1667,1
13a_1668,2
13a_1669,2
13a_1671,2
13a_1672,1
13a_1673,1
13a_1674,1
13a_1675,[2;3]
13a_1676,[2;3]
13a_1677,[2;3]
13a_1678,2
13a_1679,2
13a_1680,2
13a_1681,2
13a_1682,2
13a_1684,2
13a_1685,2
13a_1686,1
13a_1687,2
13a_1689,2
13a_1690,2
13a_1691,2
13a_1693,2
13a_1694,2
13a_1695,2
13a_1696,2
13a_1698,[2;4]
13a_1700,[2;3]
13a_1701,2
13a_1702,2
13a_1704,1
13a_1705,1
13a_1706,1
13a_1707,2
13a_1708,2
13a_1710,2
13a_1711,2
13a_1712,[2;3]
13a_1713,1
13a_1716,1
13a_1717,[2;3]
13a_1719,[2;3]
13a_1720,2
13a_1722,2
13a_1723,2
13a_1724,2
13a_1725,[2;3]
13a_1726,2
13a_1727,2
13a_1728,1
13a_1729,1
13a_1730,1
13a_1731,1
13a_1733,1
13a_1735,2
13a_1736,1
13a_1737,1
13a_1738,1
13a_1739,1
13a_1742,2
13a_1743,2
13a_1745,2
13a_1747,2
13a_1748,2
13a_1750,2
13a_1752,2
13a_1755,2
13a_1756,2
13a_1758,1
13a_1759,1
13a_1760,1
13a_1762,1
13a_1764,1
13a_1765,1
13a_1766,1
13a_1768,1
13a_1769,2
13a_1770,2
13a_1771,2
13a_1773,1
13a_1774,2
13a_1776,1
13a_1778,1
13a_1780,1
13a_1781,2
13a_1782,2
13a_1784,1
13a_1785,2
13a_1786,[2;3]
13a_1788,[2;3]
13a_1790,[2;3]
13a_1791,2
13a_1793,2
13a_1794,1
13a_1795,1
13a_1796,1
13a_1800,1
13a_1801,1
13a_1802,1
13a_1803,1
13a_1804,1
13a_1807,1
13a_1808,1
13a_1809,2
13a_1810,2
13a_1812,2
13a_1813,2
13a_1814,1
13a_1815,2
13a_1816,2
13a_1820,1
13a_1821,1
13a_1822,1
13a_1823,2
13a_1824,2
13a_1825,1
13a_1828,2
13a_1829,[2;3]
13a_1830,2
13a_1831,2
13a_1832,2
13a_1833,2
13a_1836,1
13a_1837,1
13a_1838,2
13a_1840,1
13a_1841,1
13a_1842,1
13a_1844,1
13a_1845,[2;3]
13a_1846,1
13a_1847,1
13a_1848,2
13a_1849,2
13a_1850,2
13a_1851,1
13a_1852,1
13a_1853,1
13a_1854,2
13a_1855,2
13a_1856,2
13a_1858,1
13a_1859,1
13a_1860,1
13a_1862,2
13a_1866,2
13a_1868,1
13a_1869,1
13a_1870,1
13a_1873,2
13a_1874,2
13a_1877,1
13a_1878,2
13a_1880,2
13a_1881,2
13a_1882,2
13a_1883,1
13a_1884,1
13a_1885,2
13a_1887,[2;3]
13a_1888,1
13a_1889,2
13a_1890,2
13a_1891,1
13a_1894,2
13a_1895,2
13a_1897,1
13a_1899,2
13a_1900,2
13a_1901,2
13a_1902,2
13a_1903,2
13a_1904,1
13a_1909,1
13a_1913,2
13a_1916,2
13a_1917,2
13a_1922,1
13a_1924,1
13a_1925,2
13a_1926,2
13a_1927,[2;3]
13a_1928,1
13a_1931,1
13a_1932,2
13a_1933,2
13a_1934,2
13a_1935,1
13a_1936,2
13a_1937,2
13a_1938,1
13a_1944,2
13a_1945,2
13a_1946,2
13a_1949,1
13a_1950,2
13a_1953,[2;3]
13a_1954,1
13a_1955,1
13a_1956,1
13a_1957,[2;3]
13a_1958,1
13a_1959,[2;3]
13a_1960,2
13a_1961,2
13a_1964,2
13a_1965,[2;3]
13a_1967,2
13a_1970,2
13a_1971,2
13a_1972,2
13a_1973,1
13a_1976,2
13a_1978,2
13a_1980,2
13a_1981,1
13a_1982,1
13a_1986,[2;3]
13a_1987,1
13a_1989,2
13a_1990,1
13a_1991,1
13a_1992,2
13a_1993,[2;3]
13a_1994,2
13a_1995,2
13a_1996,2
13a_1998,[2;3]
13a_1999,1
13a_2000,1
13a_2002,1
13a_2003,2
13a_2004,2
13a_2005,[2;3]
13a_2006,2
13a_2007,2
13a_2008,[2;3]
13a_2012,1
13a_2013,1
13a_2014,2
13a_2015,[2;3]
13a_2016,2
13a_2017,1
13a_2018,1
13a_2020,1
13a_2021,1
13a_2022,2
13a_2023,[2;3]
13a_2024,[2;3]
13a_2026,1
13a_2027,1
13a_2031,[2;3]
13a_2032,2
13a_2034,2
13a_2039,2
13a_2041,2
13a_2043,1
13a_2044,2
13a_2045,2
13a_2046,2
13a_2047,1
13a_2048,1
13a_2049,2
13a_2051,2
13a_2052,1
13a_2053,2
13a_2054,1
13a_2055,1
13a_2058,1
13a_2059,1
13a_2060,1
13a_2062,1
13a_2063,[2;3]
13a_2065,1
13a_2068,1
13a_2070,1
13a_2075,1
13a_2078,2
13a_2079,1
13a_2081,2
13a_2083,1
13a_2084,2
13a_2085,2
13a_2087,[2;3]
13a_2088,1
13a_2089,1
13a_2090,[2;3]
13a_2092,1
13a_2093,1
13a_2094,1
13a_2095,2
13a_2096,2
13a_2097,2
13a_2099,1
13a_2100,1
13a_2101,1
13a_2102,2
13a_2103,[2;3]
13a_2104,[2;3]
13a_2105,1
13a_2106,2
13a_2107,1
13a_2109,2
13a_2110,1
13a_2111,2
13a_2113,2
13a_2114,1
13a_2115,2
13a_2117,2
13a_2122,1
13a_2123,1
13a_2134,1
13a_2139,2
13a_2140,2
13a_2141,2
13a_2142,[2;3]
13a_2143,2
13a_2144,1
13a_2145,1
13a_2147,1
13a_2151,2
13a_2152,[2;3]
13a_2153,[2;3]
13a_2156,[2;3]
13a_2160,2
13a_2161,1
13a_2162,2
13a_2163,2
13a_2165,2
13a_2166,2
13a_2167,1
13a_2168,1
13a_2169,2
13a_2170,1
13a_2171,1
13a_2172,2
13a_2174,1
13a_2178,2
13a_2181,[2;3]
13a_2183,1
13a_2188,2
13a_2190,2
13a_2191,1
13a_2192,1
13a_2193,[2;3]
13a_2195,[2;3]
13a_2196,2
13a_2199,2
13a_2205,2
13a_2207,2
13a_2208,[2;3]
13a_2210,[2;3]
13a_2211,2
13a_2212,1
13a_2214,2
13a_2215,2
13a_2217,1
13a_2219,2
13a_2220,1
13a_2221,2
13a_2222,1
13a_2223,2
13a_2224,2
13a_2225,1
13a_2226,1
13a_2228,[2;3]
13a_2229,2
13a_2231,1
13a_2232,2
13a_2233,2
13a_2234,1
13a_2235,2
13a_2236,1
13a_2239,1
13a_2240,1
13a_2241,1
13a_2242,1
13a_2245,1
13a_2246,[2;3]
13a_2247,2
13a_2248,1
13a_2249,1
13a_2250,1
13a_2251,1
13a_2252,1
13a_2253,1
13a_2255,2
13a_2258,2
13a_2259,2
13a_2264,1
13a_2265,1
13a_2267,1
13a_2270,1
13a_2271,1
13a_2272,1
13a_2273,2
13a_2275,[2;3]
13a_2276,1
13a_2277,1
13a_2282,1
13a_2283,1
13a_2288,1
13a_2293,2
13a_2297,1
13a_2300,2
13a_2301,[2;3]
13a_2304,2
13a_2306,1
13a_2307,2
13a_2308,2
13a_2312,2
13a_2313,2
13a_2314,1
13a_2316,1
13a_2318,1
13a_2319,1
13a_2320,1
13a_2321,1
13a_2323,2
13a_2324,2
13a_2327,[2;3]
13a_2328,[2;3]
13a_2329,1
13a_2330,2
13a_2332,2
13a_2335,2
13a_2338,2
13a_2339,2
13a_2343,2
13a_2344,2
13a_2348,1
13a_2349,2
13a_2350,1
13a_2351,1
13a_2352,1
13a_2357,1
13a_2361,2
13a_2362,2
13a_2364,1
13a_2366,[2;3]
13a_2367,1
13a_2369,1
13a_2370,2
13a_2371,1
13a_2372,1
13a_2374,2
13a_2377,2
13a_2381,[2;3]
13a_2382,2
13a_2383,2
13a_2384,2
13a_2386,[2;3]
13a_2387,2
13a_2389,1
13a_2392,1
13a_2393,2
13a_2394,2
13a_2396,1
13a_2401,2
13a_2403,2
13a_2404,2
13a_2406,1
13a_2407,2
13a_2408,2
13a_2410,1
13a_2411,2
13a_2413,2
13a_2414,2
13a_2416,2
13a_2418,2
13a_2419,2
13a_2420,1
13a_2422,[2;3]
13a_2423,1
13a_2424,1
13a_2425,2
13a_2426,1
13a_2427,2
13a_2428,1
13a_2429,1
13a_2430,1
13a_2432,1
13a_2433,1
13a_2436,1
13a_2437,2
13a_2439,2
13a_2441,[2;3]
13a_2442,[2;3]
13a_2443,2
13a_2444,2
13a_2446,2
13a_2448,1
13a_2450,2
13a_2451,[2;3]
13a_2452,1
13a_2454,2
13a_2456,2
13a_2459,2
13a_2461,1
13a_2465,1
13a_2468,2
13a_2469,2
13a_2470,2
13a_2471,1
13a_2473,2
13a_2476,1
13a_2477,2
13a_2479,1
13a_2480,2
13a_2481,2
13a_2482,2
13a_2483,1
13a_2484,2
13a_2486,1
13a_2487,1
13a_2488,1
13a_2490,1
13a_2492,1
13a_2494,2
13a_2496,2
13a_2497,2
13a_2498,2
13a_2499,2
13a_2501,2
13a_2504,2
13a_2506,2
13a_2507,[2;3]
13a_2508,2
13a_2511,2
13a_2512,[2;3]
13a_2513,1
13a_2514,2
13a_2515,1
13a_2517,[2;3]
13a_2518,2
13a_2523,2
13a_2524,1
13a_2525,2
13a_2526,2
13a_2527,1
13a_2528,2
13a_2529,1
13a_2530,1
13a_2531,[2;3]
13a_2532,1
13a_2534,2
13a_2535,[2;3]
13a_2537,2
13a_2541,[2;3]
13a_2542,2
13a_2543,2
13a_2544,2
13a_2545,[2;3]
13a_2546,2
13a_2547,2
13a_2550,[2;3]
13a_2551,1
13a_2552,1
13a_2553,1
13a_2554,2
13a_2556,2
13a_2557,1
13a_2558,1
13a_2559,[2;3]
13a_2560,[2;3]
13a_2561,2
13a_2562,2
13a_2564,2
13a_2565,2
13a_2566,2
13a_2567,2
13a_2569,1
13a_2570,1
13a_2571,1
13a_2572,2
13a_2573,[2;3]
13a_2574,1
13a_2575,2
13a_2577,2
13a_2578,1
13a_2579,2
13a_2580,2
13a_2581,2
13a_2583,2
13a_2584,2
13a_2585,2
13a_2586,1
13a_2588,1
13a_2589,2
13a_2591,[2;3]
13a_2593,1
13a_2594,1
13a_2595,1
13a_2596,1
13a_2598,2
13a_2601,2
13a_2602,1
13a_2603,2
13a_2604,2
13a_2605,2
13a_2607,2
13a_2609,2
13a_2611,[2;3]
13a_2613,[2;3]
13a_2614,[2;3]
13a_2615,2
13a_2617,2
13a_2618,[2;3]
13a_2621,1
13a_2622,[2;3]
13a_2626,2
13a_2627,2
13a_2632,[2;3]
13a_2633,2
13a_2635,2
13a_2637,2
13a_2638,2
13a_2639,1
13a_2640,1
13a_2641,1
13a_2642,2
13a_2643,2
13a_2645,2
13a_2646,2
13a_2648,1
13a_2650,2
13a_2653,1
13a_2654,2
13a_2655,2
13a_2656,2
13a_2657,1
13a_2659,2
13a_2661,2
13a_2662,2
13a_2664,2
13a_2666,2
13a_2667,1
13a_2669,2
13a_2670,1
13a_2672,1
13a_2674,1
13a_2677,1
13a_2678,1
13a_2679,1
13a_2680,1
13a_2681,2
13a_2683,1
13a_2687,2
13a_2690,2
13a_2693,2
13a_2694,2
13a_2700,1
13a_2703,1
13a_2710,[2;3]
13a_2711,[2;3]
13a_2712,2
13a_2713,1
13a_2714,1
13a_2717,1
13a_2719,1
13a_2720,[2;3]
13a_2721,1
13a_2722,1
13a_2723,1
13a_2726,1
13a_2727,[2;3]
13a_2728,1
13a_2730,1
13a_2732,2
13a_2733,2
13a_2734,2
13a_2735,1
13a_2740,1
13a_2741,1
13a_2742,2
13a_2744,2
13a_2745,1
13a_2746,2
13a_2747,1
13a_2748,[2;3]
13a_2749,2
13a_2754,1
13a_2755,2
13a_2756,1
13a_2757,1
13a_2762,1
13a_2764,2
13a_2765,2
13a_2769,1
13a_2771,1
13a_2774,1
13a_2775,1
13a_2779,[2;3]
13a_2780,[2;3]
13a_2781,1
13a_2782,1
13a_2786,2
13a_2787,2
13a_2789,1
13a_2790,2
13a_2793,2
13a_2795,1
13a_2799,[2;3]
13a_2800,2
13a_2801,2
13a_2802,2
13a_2807,[2;3]
13a_2808,2
13a_2810,2
13a_2811,2
13a_2812,2
13a_2813,[2;3]
13a_2815,2
13a_2817,[2;3]
13a_2818,1
13a_2820,1
13a_2822,[2;3]
13a_2826,1
13a_2835,1
13a_2837,1
13a_2838,2
13a_2839,2
13a_2840,1
13a_2842,1
13a_2844,2
13a_2847,1
13a_2850,[2;3]
13a_2853,2
13a_2854,1
13a_2861,2
13a_2862,2
13a_2863,1
13a_2866,1
13a_2868,1
13a_2873,1
13a_2874,1
13a_2875,1
13a_2881,1
13a_2882,[2;3]
13a_2883,2
13a_2886,[2;3]
13a_2887,2
13a_2892,1
13a_2897,1
13a_2898,1
13a_2899,2
13a_2900,1
13a_2902,2
13a_2907,[2;3]
13a_2908,1
13a_2910,1
13a_2913,2
13a_2914,2
13a_2916,2
13a_2917,1
13a_2919,1
13a_2920,1
13a_2921,2
13a_2926,2
13a_2928,1
13a_2929,2
13a_2930,1
13a_2932,1
13a_2933,1
13a_2936,2
13a_2938,2
13a_2939,2
13a_2941,2
13a_2947,1
13a_2952,1
13a_2953,1
13a_2956,2
13a_2958,2
13a_2959,2
13a_2960,2
13a_2964,1
13a_2967,2
13a_2971,1
13a_2972,2
13a_2973,1
13a_2976,2
13a_2978,1
13a_2984,1
13a_2986,1
13a_2987,1
13a_2988,1
13a_2989,1
13a_2991,[2;3]
13a_2992,2
13a_2993,1
13a_2994,1
13a_2997,1
13a_2998,2
13a_2999,2
13a_3000,1
13a_3001,1
13a_3002,2
13a_3003,1
13a_3004,1
13a_3010,[2;3]
13a_3011,2
13a_3012,2
13a_3016,2
13a_3022,1
13a_3024,1
13a_3025,2
13a_3027,2
13a_3028,1
13a_3031,2
13a_3032,1
13a_3034,[2;3]
13a_3036,2
13a_3037,2
13a_3039,[2;3]
13a_3041,2
13a_3043,2
13a_3044,[2;4]
13a_3045,2
13a_3047,2
13a_3048,2
13a_3051,1
13a_3052,2
13a_3053,1
13a_3054,1
13a_3055,2
13a_3056,1
13a_3057,2
13a_3058,2
13a_3062,2
13a_3064,2
13a_3067,1
13a_3068,2
13a_3069,2
13a_3070,1
13a_3071,2
13a_3072,[2;3]
13a_3073,[2;3]
13a_3074,2
13a_3077,2
13a_3078,2
13a_3080,2
13a_3081,2
13a_3083,2
13a_3084,2
13a_3085,2
13a_3086,2
13a_3088,2
13a_3090,[2;3]
13a_3091,1
13a_3105,2
13a_3108,1
13a_3118,1
13a_3119,1
13a_3122,1
13a_3131,1
13a_3144,1
13a_3145,2
13a_3147,[2;3]
13a_3148,2
13a_3149,[2;3]
13a_3151,1
13a_3153,2
13a_3154,2
13a_3155,1
13a_3157,2
13a_3159,[2;3]
13a_3160,1
13a_3161,[2;3]
13a_3162,2
13a_3163,1
13a_3166,[2;3]
13a_3168,[2;3]
13a_3170,[2;3]
13a_3171,2
13a_3172,[2;3]
13a_3174,[2;3]
13a_3175,[2;3]
13a_3177,1
13a_3178,1
13a_3179,[2;3]
13a_3180,2
13a_3181,2
13a_3183,1
13a_3184,[2;3]
13a_3185,1
13a_3186,1
13a_3187,1
13a_3189,[2;3]
13a_3191,[2;3]
13a_3193,1
13a_3194,1
13a_3195,1
13a_3197,2
13a_3198,[2;3]
13a_3199,2
13a_3202,2
13a_3203,2
13a_3205,[2;3]
13a_3207,2
13a_3208,2
13a_3211,2
13a_3214,1
13a_3215,2
13a_3218,2
13a_3220,[2;3]
13a_3221,2
13a_3223,2
13a_3227,2
13a_3228,1
13a_3229,[2;3]
13a_3233,[2;3]
13a_3235,2
13a_3236,[2;3]
13a_3237,2
13a_3239,2
13a_3240,1
13a_3241,[2;3]
13a_3242,1
13a_3246,1
13a_3247,2
13a_3249,[2;3]
13a_3250,2
13a_3251,1
13a_3252,2
13a_3253,2
13a_3256,[2;3]
13a_3257,[2;3]
13a_3258,2
13a_3260,[2;3]
13a_3263,2
13a_3264,2
13a_3266,2
13a_3267,2
13a_3268,[2;3]
13a_3269,[2;3]
13a_3271,1
13a_3272,2
13a_3274,[2;3]
13a_3275,1
13a_3276,1
13a_3279,2
13a_3281,[2;3]
13a_3282,2
13a_3285,1
13a_3286,2
13a_3287,2
13a_3288,2
13a_3290,2
13a_3291,2
13a_3293,2
13a_3294,2
13a_3295,2
13a_3296,2
13a_3298,2
13a_3299,[2;3]
13a_3300,2
13a_3302,[2;3]
13a_3303,2
13a_3305,2
13a_3306,2
13a_3312,1
13a_3313,1
13a_3315,1
13a_3317,1
13a_3318,2
13a_3319,2
13a_3320,1
13a_3321,2
13a_3322,1
13a_3323,2
13a_3324,2
13a_3325,[2;3]
13a_3328,2
13a_3332,1
13a_3333,[2;3]
13a_3339,1
13a_3341,2
13a_3343,[2;3]
13a_3345,2
13a_3346,[2;3]
13a_3347,2
13a_3348,2
13a_3349,2
13a_3350,2
13a_3351,2
13a_3352,2
13a_3354,[2;3]
13a_3355,2
13a_3356,2
13a_3357,2
13a_3363,2
13a_3365,2
13a_3367,2
13a_3370,1
13a_3372,2
13a_3373,[2;3]
13a_3374,2
13a_3375,2
13a_3382,2
13a_3385,2
13a_3386,2
13a_3387,2
13a_3388,2
13a_3389,2
13a_3390,2
13a_3392,2
13a_3393,2
13a_3395,2
13a_3396,2
13a_3398,1
13a_3399,2
13a_3400,2
13a_3401,2
13a_3402,2
13a_3403,2
13a_3404,2
13a_3406,2
13a_3407,[2;3]
13a_3408,[2;3]
13a_3410,2
13a_3411,2
13a_3412,2
13a_3413,[2;3]
13a_3414,2
13a_3415,2
13a_3416,2
13a_3417,[2;3]
13a_3418,2
13a_3420,2
13a_3421,[2;3]
13a_3422,2
13a_3423,2
13a_3424,2
13a_3426,2
13a_3427,1
13a_3428,1
13a_3429,1
13a_3430,1
13a_3433,2
13a_3436,1
13a_3439,1
13a_3440,1
13a_3441,1
13a_3443,2
13a_3445,1
13a_3448,1
13a_3450,1
13a_3451,[2;3]
13a_3452,[2;3]
13a_3454,1
13a_3455,2
13a_3456,2
13a_3459,1
13a_3463,2
13a_3465,2
13a_3466,2
13a_3468,1
13a_3469,2
13a_3470,1
13a_3471,1
13a_3472,1
13a_3473,1
13a_3474,1
13a_3475,1
13a_3476,1
13a_3477,1
13a_3478,1
13a_3479,1
13a_3480,1
13a_3481,1
13a_3483,1
13a_3484,1
13a_3485,1
13a_3488,1
13a_3490,2
13a_3491,2
13a_3492,2
13a_3494,1
13a_3495,[2;3]
13a_3496,[2;3]
13a_3499,2
13a_3500,2
13a_3501,2
13a_3502,1
13a_3503,1
13a_3504,[2;3]
13a_3505,1
13a_3507,2
13a_3508,2
13a_3509,2
13a_3510,2
13a_3511,[2;3]
13a_3513,2
13a_3516,2
13a_3517,1
13a_3518,2
13a_3519,2
13a_3521,2
13a_3522,2
13a_3524,2
13a_3525,2
13a_3526,2
13a_3527,2
13a_3528,1
13a_3529,1
13a_3532,1
13a_3533,2
13a_3534,2
13a_3535,2
13a_3537,2
13a_3538,2
13a_3539,2
13a_3540,2
13a_3541,2
13a_3543,2
13a_3545,2
13a_3548,2
13a_3549,[2;3]
13a_3550,2
13a_3554,2
13a_3555,2
13a_3556,2
13a_3557,2
13a_3558,2
13a_3559,2
13a_3560,[2;3]
13a_3561,[2;3]
13a_3562,[2;3]
13a_3563,2
13a_3565,2
13a_3566,2
13a_3568,[2;3]
13a_3569,1
13a_3570,1
13a_3571,1
13a_3573,2
13a_3574,1
13a_3575,2
13a_3576,1
13a_3578,2
13a_3580,2
13a_3581,[2;3]
13a_3585,2
13a_3586,2
13a_3592,1
13a_3597,[2;3]
13a_3598,2
13a_3606,1
13a_3607,[2;3]
13a_3608,[2;3]
13a_3610,2
13a_3611,2
13a_3612,2
13a_3613,[2;3]
13a_3614,1
13a_3615,2
13a_3618,2
13a_3620,2
13a_3621,2
13a_3622,2
13a_3623,2
13a_3624,2
13a_3625,2
13a_3626,2
13a_3627,2
13a_3629,2
13a_3630,2
13a_3631,2
13a_3632,2
13a_3635,1
13a_3636,1
13a_3638,1
13a_3639,2
13a_3641,2
13a_3642,2
13a_3643,1
13a_3644,2
13a_3646,2
13a_3647,2
13a_3648,2
13a_3649,1
13a_3652,1
13a_3654,1
13a_3656,2
13a_3657,2
13a_3659,1
13a_3660,1
13a_3661,1
13a_3662,1
13a_3663,2
13a_3664,2
13a_3665,2
13a_3668,2
13a_3669,2
13a_3670,2
13a_3673,1
13a_3674,1
13a_3675,2
13a_3676,2
13a_3678,2
13a_3679,2
13a_3681,2
13a_3682,2
13a_3692,1
13a_3694,[2;3]
13a_3695,2
13a_3696,1
13a_3699,2
13a_3700,2
13a_3701,[2;3]
13a_3702,2
13a_3706,1
13a_3709,1
13a_3710,1
13a_3711,1
13a_3717,2
13a_3719,1
13a_3720,2
13a_3722,2
13a_3723,2
13a_3724,2
13a_3725,2
13a_3729,1
13a_3730,2
13a_3731,2
13a_3734,2
13a_3737,2
13a_3738,2
13a_3739,2
13a_3741,2
13a_3743,2
13a_3744,2
13a_3745,2
13a_3746,2
13a_3747,2
13a_3749,2
13a_3751,1
13a_3752,1
13a_3755,2
13a_3759,2
13a_3760,2
13a_3761,2
13a_3762,1
13a_3763,2
13a_3764,2
13a_3766,1
13a_3767,2
13a_3768,2
13a_3770,1
13a_3772,2
13a_3773,2
13a_3774,2
13a_3775,1
13a_3776,2
13a_3777,[2;3]
13a_3778,2
13a_3780,2
13a_3781,[2;3]
13a_3782,[2;3]
13a_3785,1
13a_3786,2
13a_3789,[2;3]
13a_3790,2
13a_3791,2
13a_3792,1
13a_3793,2
13a_3794,2
13a_3795,2
13a_3796,2
13a_3797,2
13a_3799,2
13a_3800,2
13a_3801,2
13a_3802,2
13a_3804,2
13a_3805,2
13a_3806,2
13a_3807,2
13a_3808,[2;3]
13a_3809,2
13a_3810,[2;3]
13a_3811,2
13a_3812,2
13a_3813,[2;3]
13a_3815,2
13a_3817,1
13a_3818,2
13a_3819,2
13a_3820,[2;3]
13a_3821,2
13a_3822,[2;3]
13a_3824,2
13a_3825,1
13a_3830,1
13a_3832,2
13a_3833,1
13a_3834,1
13a_3835,1
13a_3837,1
13a_3838,2
13a_3839,1
13a_3840,1
13a_3841,1
13a_3842,1
13a_3843,1
13a_3844,1
13a_3847,1
13a_3848,1
13a_3851,1
13a_3853,2
13a_3854,1
13a_3856,1
13a_3858,1
13a_3860,1
13a_3861,1
13a_3862,1
13a_3863,1
13a_3865,1
13a_3866,1
13a_3868,1
13a_3870,1
13a_3871,1
13a_3873,1
13a_3876,1
13a_3880,2
13a_3881,2
13a_3883,1
13a_3884,1
13a_3885,2
13a_3886,1
13a_3889,2
13a_3890,2
13a_3894,2
13a_3905,1
13a_3906,2
13a_3908,1
13a_3909,1
13a_3910,2
13a_3912,2
13a_3913,2
13a_3914,[2;3]
13a_3916,2
13a_3918,2
13a_3919,2
13a_3920,2
13a_3923,1
13a_3925,1
13a_3926,1
13a_3927,1
13a_3929,1
13a_3930,1
13a_3931,1
13a_3932,1
13a_3933,1
13a_3934,1
13a_3935,1
13a_3936,1
13a_3937,1
13a_3940,2
13a_3942,2
13a_3944,2
13a_3945,[2;3]
13a_3946,2
13a_3947,2
13a_3948,[2;3]
13a_3949,1
13a_3950,[2;3]
13a_3953,2
13a_3956,2
13a_3957,2
13a_3959,2
13a_3969,2
13a_3970,1
13a_3972,2
13a_3973,1
13a_3977,2
13a_3978,2
13a_3983,1
13a_3984,2
13a_3985,2
13a_3986,1
13a_3987,[2;3]
13a_3988,[2;3]
13a_3989,[2;3]
13a_3990,2
13a_3993,2
13a_3994,2
13a_3995,1
13a_3996,1
13a_3997,1
13a_3998,2
13a_3999,1
13a_4000,2
13a_4002,2
13a_4004,1
13a_4005,1
13a_4007,2
13a_4009,2
13a_4012,1
13a_4014,1
13a_4015,2
13a_4017,2
13a_4020,1
13a_4021,2
13a_4022,2
13a_4024,1
13a_4026,1
13a_4027,1
13a_4028,1
13a_4029,1
13a_4030,1
13a_4031,2
13a_4032,1
13a_4033,1
13a_4034,2
13a_4035,1
13a_4036,1
13a_4038,1
13a_4039,2
13a_4040,1
13a_4043,2
13a_4045,1
13a_4046,1
13a_4047,1
13a_4048,1
13a_4049,1
13a_4050,2
13a_4051,1
13a_4052,2
13a_4053,2
13a_4055,[2;3]
13a_4056,[2;3]
13a_4059,1
13a_4063,2
13a_4065,1
13a_4066,2
13a_4067,2
13a_4070,[2;3]
13a_4071,1
13a_4072,[2;3]
13a_4073,1
13a_4074,2
13a_4075,1
13a_4076,1
13a_4077,2
13a_4078,1
13a_4079,1
13a_4081,2
13a_4082,1
13a_4089,1
13a_4092,1
13a_4097,[2;3]
13a_4098,[2;3]
13a_4102,1
13a_4103,2
13a_4109,1
13a_4115,1
13a_4116,1
13a_4118,2
13a_4119,1
13a_4122,1
13a_4125,2
13a_4126,1
13a_4127,[2;3]
13a_4128,2
13a_4129,2
13a_4130,2
13a_4131,1
13a_4132,1
13a_4133,2
13a_4135,1
13a_4137,1
13a_4138,1
13a_4139,2
13a_4140,1
13a_4141,1
13a_4142,1
13a_4145,2
13a_4146,2
13a_4149,2
13a_4150,2
13a_4151,2
13a_4154,[2;3]
13a_4157,1
13a_4158,1
13a_4160,2
13a_4161,2
13a_4162,1
13a_4163,2
13a_4165,2
13a_4166,[2;3]
13a_4167,2
13a_4168,1
13a_4169,2
13a_4170,1
13a_4173,2
13a_4175,2
13a_4177,1
13a_4178,1
13a_4179,1
13a_4180,2
13a_4181,1
13a_4182,1
13a_4183,1
13a_4184,2
13a_4186,1
13a_4189,2
13a_4197,2
13a_4199,1
13a_4204,2
13a_4205,1
13a_4208,[2;3]
13a_4209,2
13a_4211,2
13a_4220,2
13a_4221,2
13a_4222,2
13a_4223,2
13a_4224,2
13a_4225,1
13a_4226,2
13a_4227,2
13a_4229,2
13a_4234,[2;3]
13a_4235,2
13a_4236,2
13a_4237,2
13a_4238,2
13a_4240,[2;3]
13a_4241,[2;3]
13a_4242,2
13a_4243,1
13a_4244,2
13a_4245,[2;3]
13a_4246,2
13a_4247,2
13a_4248,1
13a_4249,1
13a_4250,2
13a_4251,2
13a_4253,2
13a_4254,2
13a_4255,2
13a_4256,1
13a_4258,1
13a_4260,1
13a_4261,1
13a_4262,2
13a_4263,2
13a_4265,1
13a_4266,1
13a_4268,1
13a_4269,1
13a_4272,1
13a_4276,1
13a_4278,[2;3]
13a_4279,2
13a_4280,1
13a_4282,2
13a_4283,2
13a_4285,2
13a_4286,2
13a_4287,1
13a_4288,1
13a_4289,1
13a_4290,1
13a_4294,1
13a_4295,1
13a_4296,2
13a_4301,2
13a_4309,1
13a_4311,2
13a_4319,2
13a_4337,1
13a_4338,1
13a_4340,1
13a_4342,2
13a_4343,1
13a_4344,1
13a_4345,1
13a_4347,1
13a_4351,1
13a_4352,1
13a_4353,2
13a_4354,[2;3]
13a_4356,2
13a_4357,[2;3]
13a_4359,2
13a_4360,1
13a_4361,1
13a_4362,1
13a_4363,1
13a_4364,2
13a_4370,1
13a_4372,1
13a_4373,2
13a_4374,1
13a_4375,1
13a_4376,1
13a_4377,1
13a_4378,1
13a_4389,[2;3]
13a_4393,1
13a_4394,1
13a_4398,1
13a_4399,2
13a_4400,1
13a_4401,1
13a_4403,1
13a_4407,[2;3]
13a_4408,2
13a_4409,2
13a_4410,1
13a_4411,1
13a_4415,1
13a_4416,2
13a_4417,1
13a_4419,2
13a_4420,2
13a_4422,1
13a_4423,2
13a_4424,1
13a_4427,2
13a_4428,1
13a_4429,2
13a_4430,1
13a_4431,2
13a_4433,1
13a_4439,1
13a_4440,2
13a_4441,1
13a_4442,2
13a_4443,2
13a_4444,2
13a_4445,2
13a_4447,2
13a_4448,2
13a_4449,1
13a_4450,2
13a_4451,[2;3]
13a_4452,1
13a_4457,1
13a_4458,2
13a_4462,2
13a_4463,1
13a_4466,2
13a_4469,2
13a_4470,1
13a_4471,2
13a_4472,2
13a_4473,2
13a_4474,1
13a_4477,2
13a_4479,2
13a_4480,2
13a_4481,1
13a_4482,2
13a_4484,2
13a_4485,2
13a_4491,1
13a_4494,2
13a_4495,2
13a_4496,2
13a_4497,2
13a_4498,[2;3]
13a_4499,[2;3]
13a_4500,2
13a_4502,[2;3]
13a_4503,2
13a_4504,2
13a_4507,1
13a_4512,2
13a_4513,1
13a_4515,[2;3]
13a_4516,1
13a_4517,2
13a_4518,2
13a_4520,2
13a_4522,[2;3]
13a_4524,2
13a_4525,2
13a_4526,2
13a_4531,1
13a_4532,2
13a_4533,2
13a_4535,1
13a_4536,2
13a_4537,[2;3]
13a_4541,1
13a_4542,2
13a_4543,1
13a_4544,1
13a_4545,1
13a_4557,1
13a_4581,1
13a_4583,2
13a_4585,2
13a_4587,2
13a_4588,2
13a_4590,[2;3]
13a_4591,[2;3]
13a_4592,2
13a_4593,[2;3]
13a_4596,1
13a_4597,1
13a_4598,2
13a_4600,2
13a_4601,2
13a_4602,[2;3]
13a_4603,2
13a_4604,2
13a_4606,2
13a_4610,1
13a_4611,2
13a_4612,2
13a_4613,2
13a_4615,1
13a_4616,1
13a_4618,2
13a_4619,2
13a_4621,2
13a_4625,2
13a_4627,2
13a_4629,1
13a_4630,2
13a_4631,[2;3]
13a_4632,1
13a_4634,1
13a_4637,2
13a_4638,2
13a_4639,2
13a_4640,1
13a_4641,2
13a_4642,2
13a_4644,1
13a_4647,[2;3]
13a_4648,1
13a_4649,1
13a_4650,[2;3]
13a_4652,2
13a_4654,[2;3]
13a_4657,[2;3]
13a_4661,1
13a_4662,1
13a_4663,1
13a_4664,1
13a_4666,1
13a_4667,1
13a_4669,1
13a_4670,1
13a_4671,1
13a_4672,1
13a_4673,1
13a_4674,1
13a_4675,1
13a_4676,1
13a_4677,1
13a_4678,1
13a_4679,1
13a_4681,2
13a_4683,1
13a_4684,2
13a_4686,1
13a_4687,1
13a_4688,1
13a_4689,1
13a_4690,1
13a_4691,1
13a_4692,1
13a_4693,1
13a_4694,1
13a_4695,1
13a_4696,2
13a_4700,1
13a_4705,1
13a_4706,1
13a_4707,1
13a_4710,1
13a_4711,1
13a_4712,1
13a_4714,2
13a_4715,1
13a_4718,1
13a_4719,1
13a_4720,1
13a_4721,2
13a_4722,2
13a_4725,1
13a_4727,1
13a_4729,2
13a_4732,2
13a_4733,[2;3]
13a_4738,2
13a_4743,2
13a_4744,1
13a_4746,1
13a_4748,2
13a_4749,1
13a_4752,1
13a_4753,1
13a_4755,1
13a_4759,1
13a_4760,1
13a_4775,1
13a_4778,1
13a_4779,2
13a_4783,1
13a_4785,1
13a_4786,1
13a_4793,1
13a_4794,[2;3]
13a_4798,2
13a_4804,2
13a_4807,2
13a_4808,2
13a_4811,[2;3]
13a_4816,2
13a_4818,2
13a_4844,1
13a_4846,1
13a_4847,1
13a_4848,1
13a_4857,2
